run_ts,Tarih,Sehir,Kosu_ID,Unique_Race_ID,at_id,At_Adi,Ganyan_Sayi,Jokey_Adi,prob_winner_full,rank_winner_full,prob_winner_abl,rank_winner_abl,prob_top3_full,rank_top3_full,prob_top3_abl,rank_top3_abl
2026-06-20 14:31:22,2026-06-20 00:00:00,Ankara  (27. Y.G.),225686,20260620_Ankara  (27. Y.G.)_225686,112209,AİDİDAU,3.5,M.AKYAVUZ,0.11203256373327351,1,0.03451839887762461,4,0.8370360732078552,1,0.6428608894348145,2
2026-06-20 14:31:22,2026-06-20 00:00:00,Ankara  (27. Y.G.),225686,20260620_Ankara  (27. Y.G.)_225686,111110,CANELÇİN,1.9,V.ABİŞ,0.04519681314562407,3,0.020852242297294148,8,0.7755275964736938,2,0.5535479784011841,6
2026-06-20 14:31:22,2026-06-20 00:00:00,Ankara  (27. Y.G.),225686,20260620_Ankara  (27. Y.G.)_225686,108862,ERENDİZ,18.25,F.ÇETİNBAŞ,0.03715690610744991,5,0.04890005293660008,2,0.5523499846458435,7,0.6179287433624268,3
2026-06-20 14:31:22,2026-06-20 00:00:00,Ankara  (27. Y.G.),225686,20260620_Ankara  (27. Y.G.)_225686,117165,KÜÇÜK NAİME,5.2,İSM.YILDIRIM,0.013661598984618955,9,0.009754373619313668,9,0.593938946723938,6,0.2761193811893463,9
2026-06-20 14:31:22,2026-06-20 00:00:00,Ankara  (27. Y.G.),225686,20260620_Ankara  (27. Y.G.)_225686,112006,MENESSAL,20.75,E.ATLAMAZ,0.009296222316485536,10,0.008788063741483287,10,0.3017968535423279,10,0.1674504578113556,10
2026-06-20 14:31:22,2026-06-20 00:00:00,Ankara  (27. Y.G.),225686,20260620_Ankara  (27. Y.G.)_225686,110732,NAİLİN GÜLÜ,8.45,M.A.SOLMAZ,0.03942831189102532,4,0.03677204088198692,3,0.6925185322761536,4,0.6004064083099365,4
2026-06-20 14:31:22,2026-06-20 00:00:00,Ankara  (27. Y.G.),225686,20260620_Ankara  (27. Y.G.)_225686,111880,NARLIGÖL,10.4,SAL.ÇELİK,0.04726747756559909,2,0.12601053046557237,1,0.695382833480835,3,0.6775810718536377,1
2026-06-20 14:31:22,2026-06-20 00:00:00,Ankara  (27. Y.G.),225686,20260620_Ankara  (27. Y.G.)_225686,116753,PINAR ÇİÇEK,35.45,M.T.COŞKUN,0.0188774763091851,8,0.031254750930064704,5,0.39315682649612427,9,0.4848518371582031,8
2026-06-20 14:31:22,2026-06-20 00:00:00,Ankara  (27. Y.G.),225686,20260620_Ankara  (27. Y.G.)_225686,112019,TRABLUS,10.05,E.ÇANKAYA,0.020666433117895698,7,0.02580421011408613,6,0.672098696231842,5,0.57072514295578,5
2026-06-20 14:31:22,2026-06-20 00:00:00,Ankara  (27. Y.G.),225686,20260620_Ankara  (27. Y.G.)_225686,114398,ULUNAS,22.25,M.N.SUNKAR,0.02517291111823303,6,0.023517364824740615,7,0.4946346580982208,8,0.5161380767822266,7
2026-06-20 14:31:22,2026-06-20 00:00:00,Ankara  (27. Y.G.),225704,20260620_Ankara  (27. Y.G.)_225704,100006,EXPRESS,9.35,A.KURŞUN,0.09299237783981126,4,0.1705689054439909,4,0.7308961749076843,4,0.7123810052871704,4
2026-06-20 14:31:22,2026-06-20 00:00:00,Ankara  (27. Y.G.),225704,20260620_Ankara  (27. Y.G.)_225704,100936,TALE OF THE DREAM,1.55,V.ABİŞ,0.35495032842907764,1,0.2547904146782059,2,0.9279629588127136,1,0.7814719676971436,3
2026-06-20 14:31:22,2026-06-20 00:00:00,Ankara  (27. Y.G.),225704,20260620_Ankara  (27. Y.G.)_225704,89084,KING OF THE NIGHT,5.05,G.KOCAKAYA,0.17475743791095283,3,0.1763491714112086,3,0.8665200471878052,2,0.7957373857498169,2
2026-06-20 14:31:22,2026-06-20 00:00:00,Ankara  (27. Y.G.),225704,20260620_Ankara  (27. Y.G.)_225704,103555,SECRET MAN,14.9,SAL.ÇELİK,0.03538639071503334,5,0.06350040539098709,5,0.5989978313446045,6,0.5802330374717712,5
2026-06-20 14:31:22,2026-06-20 00:00:00,Ankara  (27. Y.G.),225704,20260620_Ankara  (27. Y.G.)_225704,101505,TEK NERGİZ,,T.BALİ,0.014173158795421763,10,0.01288725505824636,10,0.22821447253227234,12,0.231845423579216,11
2026-06-20 14:31:22,2026-06-20 00:00:00,Ankara  (27. Y.G.),225704,20260620_Ankara  (27. Y.G.)_225704,105665,VICENTE CALDERON,11.4,M.G.ARSLAN,0.014494231003923006,9,0.025779548437559155,8,0.47047871351242065,8,0.3635637164115906,9
2026-06-20 14:31:22,2026-06-20 00:00:00,Ankara  (27. Y.G.),225704,20260620_Ankara  (27. Y.G.)_225704,105056,KING SHELBY,31.85,M.N.SUNKAR,0.011665944783169692,11,0.012140152826528958,11,0.23766307532787323,11,0.2267947942018509,12
2026-06-20 14:31:22,2026-06-20 00:00:00,Ankara  (27. Y.G.),225704,20260620_Ankara  (27. Y.G.)_225704,99099,THRACE FEVER,32.05,M.AKYAVUZ,0.01805898193325816,8,0.028879328314922074,7,0.4009321630001068,9,0.41972506046295166,8
2026-06-20 14:31:22,2026-06-20 00:00:00,Ankara  (27. Y.G.),225704,20260620_Ankara  (27. Y.G.)_225704,104891,TURBO FANI,18.75,M.BAYIR,0.021864262421906443,7,0.03308197123665048,6,0.4802488088607788,7,0.4571380317211151,7
2026-06-20 14:31:22,2026-06-20 00:00:00,Ankara  (27. Y.G.),225704,20260620_Ankara  (27. Y.G.)_225704,96160,TURDEMİRKIR,7.75,E.ÇANKAYA,0.25074540701769893,2,0.3973227941995241,1,0.8650257587432861,3,0.8210471868515015,1
2026-06-20 14:31:22,2026-06-20 00:00:00,Ankara  (27. Y.G.),225704,20260620_Ankara  (27. Y.G.)_225704,105855,SIR AT,9.05,MÜS.ÇELİK,0.02305077369823592,6,0.025325883454099442,9,0.6371490955352783,5,0.46026208996772766,6
2026-06-20 14:31:22,2026-06-20 00:00:00,Ankara  (27. Y.G.),225704,20260620_Ankara  (27. Y.G.)_225704,106690,DOĞAN AYŞE,29.85,M.KESKİN,0.011113128723982856,12,0.012024109999444406,12,0.26433131098747253,10,0.25619712471961975,10
2026-06-20 14:31:22,2026-06-20 00:00:00,Ankara  (27. Y.G.),225700,20260620_Ankara  (27. Y.G.)_225700,105393,AZER IN MY HEART,1.55,A.KURŞUN,0.47539463700749696,1,0.405174193429397,2,0.955692708492279,2,0.9124981164932251,2
2026-06-20 14:31:22,2026-06-20 00:00:00,Ankara  (27. Y.G.),225700,20260620_Ankara  (27. Y.G.)_225700,111360,SERPENÇE,5.15,M.A.AKGÖBEK,0.029713855200801578,4,0.023423925960882885,3,0.7689964771270752,4,0.601139485836029,3
2026-06-20 14:31:22,2026-06-20 00:00:00,Ankara  (27. Y.G.),225700,20260620_Ankara  (27. Y.G.)_225700,104540,FERAT,18.2,M.N.SUNKAR,0.011923030720528284,6,0.01340798127555903,6,0.35512155294418335,6,0.4454686641693115,6
2026-06-20 14:31:22,2026-06-20 00:00:00,Ankara  (27. Y.G.),225700,20260620_Ankara  (27. Y.G.)_225700,107682,KESKİN KUŞ,2.75,SAL.ÇELİK,0.4426944832611918,2,0.4073497020492027,1,0.9628640413284302,1,0.927047610282898,1
2026-06-20 14:31:22,2026-06-20 00:00:00,Ankara  (27. Y.G.),225700,20260620_Ankara  (27. Y.G.)_225700,111338,GAZNELİ,10.05,V.ABİŞ,0.015726344154791093,5,0.019499545760536138,5,0.5020647048950195,5,0.45620787143707275,5
2026-06-20 14:31:22,2026-06-20 00:00:00,Ankara  (27. Y.G.),225700,20260620_Ankara  (27. Y.G.)_225700,111371,GEZGİNÇ BEY,7.4,M.G.ARSLAN,0.0316496200225737,3,0.023355922948139807,4,0.7693482637405396,3,0.5604555010795593,4
2026-06-20 14:31:22,2026-06-20 00:00:00,Ankara  (27. Y.G.),225699,20260620_Ankara  (27. Y.G.)_225699,114545,RATTLESNAKE,2.05,G.KOCAKAYA,0.10479344171598332,2,0.058576602905906584,2,0.8976296782493591,2,0.8550736904144287,2
2026-06-20 14:31:22,2026-06-20 00:00:00,Ankara  (27. Y.G.),225699,20260620_Ankara  (27. Y.G.)_225699,113845,ANATOLIAN HERO,2.7,M.S.ÇELİK,0.04334996577579421,3,0.025281510471941354,3,0.8906950950622559,3,0.8012864589691162,3
2026-06-20 14:31:22,2026-06-20 00:00:00,Ankara  (27. Y.G.),225699,20260620_Ankara  (27. Y.G.)_225699,113029,HAVASUPAI,5.6,M.AKYAVUZ,0.021825550760229157,4,0.01754529318635113,5,0.8549414873123169,4,0.7938098907470703,4
2026-06-20 14:31:22,2026-06-20 00:00:00,Ankara  (27. Y.G.),225699,20260620_Ankara  (27. Y.G.)_225699,118012,TOM RAIDER,2.7,MÜS.ÇELİK,0.23409241636892855,1,0.1496883751877079,1,0.9361736178398132,1,0.8576644062995911,1
2026-06-20 14:31:22,2026-06-20 00:00:00,Ankara  (27. Y.G.),225699,20260620_Ankara  (27. Y.G.)_225699,114827,QUEEN LARA,11.7,M.T.COŞKUN,0.01847789299311661,5,0.019177939894846303,4,0.727118730545044,5,0.7924842238426208,5
2026-06-20 14:31:22,2026-06-20 00:00:00,Ankara  (27. Y.G.),225698,20260620_Ankara  (27. Y.G.)_225698,93305,DEMİR HAZALIM,5.5,M.T.COŞKUN,0.10945022659067208,5,0.10778055072629433,6,0.8159793615341187,5,0.6986328363418579,5
2026-06-20 14:31:22,2026-06-20 00:00:00,Ankara  (27. Y.G.),225698,20260620_Ankara  (27. Y.G.)_225698,106499,KAYIP İNCİ,10.1,M.A.AKGÖBEK,0.06008319937916849,7,0.06265902296754373,7,0.6099486947059631,7,0.6028069853782654,7
2026-06-20 14:31:22,2026-06-20 00:00:00,Ankara  (27. Y.G.),225698,20260620_Ankara  (27. Y.G.)_225698,96860,MİNİK ANNE,4.6,V.ABİŞ,0.22662200687572046,2,0.2882130071404416,1,0.878757655620575,2,0.8637450337409973,1
2026-06-20 14:31:22,2026-06-20 00:00:00,Ankara  (27. Y.G.),225698,20260620_Ankara  (27. Y.G.)_225698,99728,KARANURA,11.7,MÜS.ÇELİK,0.01592798821071521,9,0.018556116284762628,9,0.35177546739578247,9,0.3733830749988556,9
2026-06-20 14:31:22,2026-06-20 00:00:00,Ankara  (27. Y.G.),225698,20260620_Ankara  (27. Y.G.)_225698,84981,ŞİRİNMİŞİRİN,13.25,N.DEMİR,0.03696929982518952,8,0.03436816066010249,8,0.550321102142334,8,0.5577850937843323,8
2026-06-20 14:31:22,2026-06-20 00:00:00,Ankara  (27. Y.G.),225698,20260620_Ankara  (27. Y.G.)_225698,98865,BENİM SULTANIM,20.2,M.UYAR,0.09769367276164262,6,0.14457666851680934,4,0.7084715366363525,6,0.7009410858154297,4
2026-06-20 14:31:22,2026-06-20 00:00:00,Ankara  (27. Y.G.),225698,20260620_Ankara  (27. Y.G.)_225698,90448,KURŞUNİLİ,3.95,A.KAÇMAZ,0.22015302348741103,3,0.14801370294603627,3,0.89188551902771,1,0.7455539703369141,2
2026-06-20 14:31:22,2026-06-20 00:00:00,Ankara  (27. Y.G.),225698,20260620_Ankara  (27. Y.G.)_225698,97839,LAL HANIM,26.1,Ö.ORDU,0.008772542697752855,10,0.008238045854575025,10,0.08518151938915253,10,0.03778257593512535,10
2026-06-20 14:31:22,2026-06-20 00:00:00,Ankara  (27. Y.G.),225698,20260620_Ankara  (27. Y.G.)_225698,100857,MÜREKKEP YÜREK,3.55,E.ÇANKAYA,0.2600998985911407,1,0.16683667060948568,2,0.8717246651649475,3,0.6843151450157166,6
2026-06-20 14:31:22,2026-06-20 00:00:00,Ankara  (27. Y.G.),225698,20260620_Ankara  (27. Y.G.)_225698,78975,YENERSULTAN,4.8,M.N.SUNKAR,0.17270055081493896,4,0.1431084149333253,5,0.834799587726593,4,0.7325066924095154,3
2026-06-20 14:31:22,2026-06-20 00:00:00,Ankara  (27. Y.G.),225685,20260620_Ankara  (27. Y.G.)_225685,109089,BODRUM İNCİSİ,4.1,MÜS.ÇELİK,0.08976020874076267,2,0.040208184117182244,2,0.8003056645393372,2,0.6086331605911255,1
2026-06-20 14:31:22,2026-06-20 00:00:00,Ankara  (27. Y.G.),225685,20260620_Ankara  (27. Y.G.)_225685,120911,DAYANA,5.0,M.S.ÇELİK,0.05448078859106055,3,0.0389739604346005,3,0.7654718160629272,3,0.6037184000015259,3
2026-06-20 14:31:22,2026-06-20 00:00:00,Ankara  (27. Y.G.),225685,20260620_Ankara  (27. Y.G.)_225685,107869,HÜSNECAN,2.65,M.A.SOLMAZ,0.23424558822665778,1,0.04869573072498084,1,0.9016619920730591,1,0.5913116931915283,4
2026-06-20 14:31:22,2026-06-20 00:00:00,Ankara  (27. Y.G.),225685,20260620_Ankara  (27. Y.G.)_225685,111957,KATIKIZI,14.4,M.N.SUNKAR,0.024133359751254208,6,0.03854118700193542,4,0.5225649476051331,8,0.5040591955184937,7
2026-06-20 14:31:22,2026-06-20 00:00:00,Ankara  (27. Y.G.),225685,20260620_Ankara  (27. Y.G.)_225685,111912,MERCAN ANA,12.25,E.ÇANKAYA,0.01032036812688935,11,0.010629326553822042,10,0.42533835768699646,11,0.23360973596572876,11
2026-06-20 14:31:22,2026-06-20 00:00:00,Ankara  (27. Y.G.),225685,20260620_Ankara  (27. Y.G.)_225685,111818,OBA GÜZELİ,11.5,F.ÇETİNBAŞ,0.016622417187042226,8,0.016550633744334013,8,0.5940294861793518,5,0.4858066439628601,8
2026-06-20 14:31:22,2026-06-20 00:00:00,Ankara  (27. Y.G.),225685,20260620_Ankara  (27. Y.G.)_225685,108299,SAYRA,8.5,M.G.ARSLAN,0.03966857467486134,4,0.03348992922153822,6,0.6685364246368408,4,0.5168495178222656,6
2026-06-20 14:31:22,2026-06-20 00:00:00,Ankara  (27. Y.G.),225685,20260620_Ankara  (27. Y.G.)_225685,111898,ŞAHİKA HANIM,15.65,M.AKYAVUZ,0.02734969730931363,5,0.03770204116445196,5,0.5325580835342407,6,0.6054855585098267,2
2026-06-20 14:31:22,2026-06-20 00:00:00,Ankara  (27. Y.G.),225685,20260620_Ankara  (27. Y.G.)_225685,112214,TRACE KIZI,19.25,M.A.AKGÖBEK,0.01978673853304358,7,0.02504283756059032,7,0.5248385667800903,7,0.5489622950553894,5
2026-06-20 14:31:22,2026-06-20 00:00:00,Ankara  (27. Y.G.),225685,20260620_Ankara  (27. Y.G.)_225685,113333,YILKAR,8.05,H.ÇİZİK,0.010794099726744109,10,0.009585074573895706,11,0.44874897599220276,10,0.26534292101860046,10
2026-06-20 14:31:22,2026-06-20 00:00:00,Ankara  (27. Y.G.),225685,20260620_Ankara  (27. Y.G.)_225685,111732,ZEYTİN GÜLÜ,13.3,B.KILINÇ,0.012297960252375128,9,0.012262265976311623,9,0.4672240614891052,9,0.357499361038208,9
2026-06-20 14:31:22,2026-06-20 00:00:00,Ankara  (27. Y.G.),225697,20260620_Ankara  (27. Y.G.)_225697,83995,AŞKARTAY,12.15,A.KURŞUN,0.08360002085091922,5,0.1679482542740479,1,0.5429949760437012,8,0.7231771945953369,1
2026-06-20 14:31:22,2026-06-20 00:00:00,Ankara  (27. Y.G.),225697,20260620_Ankara  (27. Y.G.)_225697,102979,EDİZBARIŞ,11.3,MÜS.ÇELİK,0.021601412656425834,9,0.024109662086535817,9,0.49869686365127563,9,0.5266404151916504,8
2026-06-20 14:31:22,2026-06-20 00:00:00,Ankara  (27. Y.G.),225697,20260620_Ankara  (27. Y.G.)_225697,107151,MUHAFIZ,4.45,N.DEMİR,0.17020572514215007,2,0.11258148159643436,4,0.8017213940620422,3,0.6272422075271606,5
2026-06-20 14:31:22,2026-06-20 00:00:00,Ankara  (27. Y.G.),225697,20260620_Ankara  (27. Y.G.)_225697,109885,TAÇYİĞİT,4.3,SERH.ÇELİK,0.12982602769768994,3,0.07494112037976092,5,0.8152366876602173,2,0.6303176879882812,4
2026-06-20 14:31:22,2026-06-20 00:00:00,Ankara  (27. Y.G.),225697,20260620_Ankara  (27. Y.G.)_225697,101151,ÇAĞLAR TAY,7.75,G.KOCAKAYA,0.10015867067898185,4,0.16212242801378887,2,0.7183584570884705,5,0.7014364004135132,3
2026-06-20 14:31:22,2026-06-20 00:00:00,Ankara  (27. Y.G.),225697,20260620_Ankara  (27. Y.G.)_225697,101923,SARPER,8.9,M.S.ÇELİK,0.04818592276975164,6,0.05985754048085432,6,0.6954114437103271,6,0.587636411190033,6
2026-06-20 14:31:22,2026-06-20 00:00:00,Ankara  (27. Y.G.),225697,20260620_Ankara  (27. Y.G.)_225697,99656,SİDAR BEY,15.25,M.AKYAVUZ,0.034950023465842105,8,0.041751243028175046,8,0.5998346209526062,7,0.5139659643173218,9
2026-06-20 14:31:22,2026-06-20 00:00:00,Ankara  (27. Y.G.),225697,20260620_Ankara  (27. Y.G.)_225697,111354,ATAMANBEY,2.5,V.ABİŞ,0.2625784238925938,1,0.11821294991823528,3,0.873424232006073,1,0.7053253650665283,2
2026-06-20 14:31:22,2026-06-20 00:00:00,Ankara  (27. Y.G.),225697,20260620_Ankara  (27. Y.G.)_225697,104279,SÜPER SONİK,6.8,A.KAÇMAZ,0.04529684392103211,7,0.043118390907728565,7,0.7386176586151123,4,0.5857993364334106,7
2026-06-20 14:31:22,2026-06-20 00:00:00,Ankara  (27. Y.G.),225697,20260620_Ankara  (27. Y.G.)_225697,106877,TABİP BEY,96.0,M.KESKİN,0.011054326533586303,10,0.0217482645935737,10,0.23641474545001984,10,0.4172835648059845,10
2026-06-20 14:31:22,2026-06-20 00:00:00,Ankara  (27. Y.G.),225702,20260620_Ankara  (27. Y.G.)_225702,107300,KATICESUR,4.75,T.BALİ,0.17891013495316055,1,0.13404168595094354,1,0.8462810516357422,2,0.7007865309715271,3
2026-06-20 14:31:22,2026-06-20 00:00:00,Ankara  (27. Y.G.),225702,20260620_Ankara  (27. Y.G.)_225702,105196,LOSTRA,6.05,O.AKGÖNÜL,0.07417804869297588,4,0.053586497312456516,5,0.7131529450416565,4,0.5695977210998535,5
2026-06-20 14:31:22,2026-06-20 00:00:00,Ankara  (27. Y.G.),225702,20260620_Ankara  (27. Y.G.)_225702,105461,SOĞUKDAĞ,19.9,E.ATLAMAZ,0.05871067094637883,5,0.09021949149738596,2,0.6761536002159119,5,0.7430439591407776,1
2026-06-20 14:31:22,2026-06-20 00:00:00,Ankara  (27. Y.G.),225702,20260620_Ankara  (27. Y.G.)_225702,106541,TUMBUL MÜZEYYEN,8.65,İ.AKIN,0.015986291353150172,9,0.016197681662343578,7,0.4837101697921753,10,0.3723810017108917,7
2026-06-20 14:31:22,2026-06-20 00:00:00,Ankara  (27. Y.G.),225702,20260620_Ankara  (27. Y.G.)_225702,105061,DODOKAN,9.15,Ö.ORDU,0.013413358040334717,10,0.010575168660866467,10,0.5034695863723755,9,0.26955607533454895,10
2026-06-20 14:31:22,2026-06-20 00:00:00,Ankara  (27. Y.G.),225702,20260620_Ankara  (27. Y.G.)_225702,106140,ALŞUBATHAN,5.3,M.UYAR,0.1024346361754314,3,0.07174237646043397,3,0.8593625426292419,1,0.7131589651107788,2
2026-06-20 14:31:22,2026-06-20 00:00:00,Ankara  (27. Y.G.),225702,20260620_Ankara  (27. Y.G.)_225702,103128,AKSU EFE,4.1,B.KELEŞOĞLU,0.1320588695418662,2,0.05667680217123359,4,0.8041894435882568,3,0.5502922534942627,6
2026-06-20 14:31:22,2026-06-20 00:00:00,Ankara  (27. Y.G.),225702,20260620_Ankara  (27. Y.G.)_225702,107326,KEŞHANLI,5.0,SERH.ÇELİK,0.022547292875354178,6,0.012391912166271609,9,0.6222955584526062,6,0.3025393784046173,9
2026-06-20 14:31:22,2026-06-20 00:00:00,Ankara  (27. Y.G.),225702,20260620_Ankara  (27. Y.G.)_225702,108107,ATLI FIRTINA,7.5,M.T.COŞKUN,0.018263138757643346,8,0.014067162337911006,8,0.5344521403312683,8,0.36571016907691956,8
2026-06-20 14:31:22,2026-06-20 00:00:00,Ankara  (27. Y.G.),225702,20260620_Ankara  (27. Y.G.)_225702,106875,TUSEM KIZ,13.8,M.BAĞ,0.01952771352007597,7,0.02328001455221266,6,0.5661588311195374,7,0.5875008702278137,4
2026-06-20 14:31:22,2026-06-20 00:00:00,Ankara  (27. Y.G.),225687,20260620_Ankara  (27. Y.G.)_225687,111993,ALSAYFA,5.65,F.R.BEBEK,0.037565320295915534,7,0.015600010994257828,8,0.7066354155540466,4,0.4574681520462036,8
2026-06-20 14:31:22,2026-06-20 00:00:00,Ankara  (27. Y.G.),225687,20260620_Ankara  (27. Y.G.)_225687,111893,ALTIN KİRAZ,8.1,F.ÇETİNBAŞ,0.03807226857753083,5,0.03295523545202031,3,0.6601886749267578,7,0.6064975261688232,3
2026-06-20 14:31:22,2026-06-20 00:00:00,Ankara  (27. Y.G.),225687,20260620_Ankara  (27. Y.G.)_225687,112065,BERAYZADE,7.8,M.AKYAVUZ,0.0695987786696406,2,0.06129080428869772,1,0.7326173782348633,3,0.6587143540382385,1
2026-06-20 14:31:22,2026-06-20 00:00:00,Ankara  (27. Y.G.),225687,20260620_Ankara  (27. Y.G.)_225687,117002,BİLDEN HANIM,6.4,M.A.AKGÖBEK,0.013059108576355439,9,0.009666179753011367,9,0.569189190864563,8,0.258090615272522,9
2026-06-20 14:31:22,2026-06-20 00:00:00,Ankara  (27. Y.G.),225687,20260620_Ankara  (27. Y.G.)_225687,120910,ELİFKAYAM,4.45,M.F.KAYA,0.09755308288015767,1,0.03080344173049129,4,0.7958851456642151,1,0.49483591318130493,7
2026-06-20 14:31:22,2026-06-20 00:00:00,Ankara  (27. Y.G.),225687,20260620_Ankara  (27. Y.G.)_225687,111681,ESLİNA DEFNE,11.8,SAL.ÇELİK,0.013678623867501141,8,0.020491212371465665,7,0.5633811950683594,9,0.5119293332099915,5
2026-06-20 14:31:22,2026-06-20 00:00:00,Ankara  (27. Y.G.),225687,20260620_Ankara  (27. Y.G.)_225687,109290,İLKBAHARIM,7.2,N.DEMİR,0.010614953023182204,10,0.008818123353426865,10,0.4089980125427246,10,0.18331080675125122,10
2026-06-20 14:31:22,2026-06-20 00:00:00,Ankara  (27. Y.G.),225687,20260620_Ankara  (27. Y.G.)_225687,111803,ÖZFERAH,6.55,M.T.COŞKUN,0.03803977472653645,6,0.023090520307302805,6,0.6921690106391907,6,0.5011566877365112,6
2026-06-20 14:31:22,2026-06-20 00:00:00,Ankara  (27. Y.G.),225687,20260620_Ankara  (27. Y.G.)_225687,110005,SULTAN İLHAN,6.6,İ.KATI,0.04798026043102104,3,0.03962215371507649,2,0.7785070538520813,2,0.6282454133033752,2
2026-06-20 14:31:22,2026-06-20 00:00:00,Ankara  (27. Y.G.),225687,20260620_Ankara  (27. Y.G.)_225687,108775,TO ZEYNA,6.7,M.G.ARSLAN,0.04584376365915639,4,0.0264318907455504,5,0.6924760937690735,5,0.5340840816497803,4
2026-06-20 14:31:22,2026-06-20 00:00:00,Ankara  (27. Y.G.),225703,20260620_Ankara  (27. Y.G.)_225703,108588,ACTION WONDER,4.6,İSM.YILDIRIM,0.021989458705596193,10,0.012987048978598226,11,0.6683832406997681,7,0.36473286151885986,11
2026-06-20 14:31:22,2026-06-20 00:00:00,Ankara  (27. Y.G.),225703,20260620_Ankara  (27. Y.G.)_225703,114236,MARY BLACK,15.2,V.ABİŞ,0.009564802044675481,14,0.009871760205489325,13,0.24738290905952454,13,0.17054666578769684,13
2026-06-20 14:31:22,2026-06-20 00:00:00,Ankara  (27. Y.G.),225703,20260620_Ankara  (27. Y.G.)_225703,110402,MAFDET,2.05,G.KOCAKAYA,0.3470380864583304,1,0.22989293742397188,1,0.9286871552467346,1,0.8038622736930847,1
2026-06-20 14:31:22,2026-06-20 00:00:00,Ankara  (27. Y.G.),225703,20260620_Ankara  (27. Y.G.)_225703,109863,MISS ELLEN,12.65,A.KAÇMAZ,0.047387577255475655,4,0.04144457678780653,6,0.681186854839325,5,0.6090832352638245,7
2026-06-20 14:31:22,2026-06-20 00:00:00,Ankara  (27. Y.G.),225703,20260620_Ankara  (27. Y.G.)_225703,111467,SWEET DREAMS,,M.G.ARSLAN,0.04341207843834156,5,0.07694840589928378,3,0.47113659977912903,11,0.7038270235061646,3
2026-06-20 14:31:22,2026-06-20 00:00:00,Ankara  (27. Y.G.),225703,20260620_Ankara  (27. Y.G.)_225703,108355,BALİNKA,17.75,E.ATLAMAZ,0.03513565171512593,7,0.035690656681211456,9,0.667443573474884,8,0.6362991333007812,5
2026-06-20 14:31:22,2026-06-20 00:00:00,Ankara  (27. Y.G.),225703,20260620_Ankara  (27. Y.G.)_225703,108461,GOOD LUCK CHARM,20.0,MÜS.ÇELİK,0.05272263286305885,3,0.12117004286586193,2,0.6976270079612732,4,0.7854200601577759,2
2026-06-20 14:31:22,2026-06-20 00:00:00,Ankara  (27. Y.G.),225703,20260620_Ankara  (27. Y.G.)_225703,110063,STRONG HEARD,11.4,U.TEMUR,0.031616516554597504,9,0.03824968546577203,8,0.7180207371711731,2,0.6225584745407104,6
2026-06-20 14:31:22,2026-06-20 00:00:00,Ankara  (27. Y.G.),225703,20260620_Ankara  (27. Y.G.)_225703,108861,ALPHECCA,16.1,M.KESKİN,0.06333527383552322,2,0.05590466458839425,4,0.7107900381088257,3,0.639184832572937,4
2026-06-20 14:31:22,2026-06-20 00:00:00,Ankara  (27. Y.G.),225703,20260620_Ankara  (27. Y.G.)_225703,107906,CRIMEAN DREAM,14.35,M.S.ÇELİK,0.0119677959257322,12,0.011939100635754882,12,0.4269801676273346,12,0.32196447253227234,12
2026-06-20 14:31:22,2026-06-20 00:00:00,Ankara  (27. Y.G.),225703,20260620_Ankara  (27. Y.G.)_225703,108098,DİNAMİT KIZ,9.2,N.DEMİR,0.03765104290386044,6,0.024300848470523058,10,0.6697010397911072,6,0.4755704402923584,10
2026-06-20 14:31:22,2026-06-20 00:00:00,Ankara  (27. Y.G.),225703,20260620_Ankara  (27. Y.G.)_225703,108992,DEEP GIRL,21.1,E.ÇİZİK,0.01954880205084423,11,0.05033846334015239,5,0.4926336407661438,10,0.5776501893997192,8
2026-06-20 14:31:22,2026-06-20 00:00:00,Ankara  (27. Y.G.),225703,20260620_Ankara  (27. Y.G.)_225703,110695,SILLAGE,10.0,M.A.SOLMAZ,0.00999544456857535,13,0.0085781879635082,14,0.1305643767118454,14,0.034211091697216034,14
2026-06-20 14:31:22,2026-06-20 00:00:00,Ankara  (27. Y.G.),225703,20260620_Ankara  (27. Y.G.)_225703,109323,NAMASTE,18.8,M.BAYIR,0.034683137128415954,8,0.03922390932772181,7,0.6358253359794617,9,0.5589882731437683,9
2026-06-20 14:31:22,2026-06-20 00:00:00,İzmir  (19. Y.G.),225695,20260620_İzmir  (19. Y.G.)_225695,91125,ÇAĞDAŞ ALAÇAT,4.85,A.MEH.ALTIN,0.24780549161438176,2,0.2161354968126471,1,0.869300127029419,2,0.8046880960464478,1
2026-06-20 14:31:22,2026-06-20 00:00:00,İzmir  (19. Y.G.),225695,20260620_İzmir  (19. Y.G.)_225695,107610,FERMAN YAZAR,5.65,K.YILMAZ,0.11259407123724954,4,0.09088779564102237,4,0.8401897549629211,3,0.7083155512809753,4
2026-06-20 14:31:22,2026-06-20 00:00:00,İzmir  (19. Y.G.),225695,20260620_İzmir  (19. Y.G.)_225695,98249,SAĞLAMCAN,9.55,F.KARAKURT,0.12143443771545533,3,0.1682576529507623,2,0.8131016492843628,4,0.7901710867881775,2
2026-06-20 14:31:22,2026-06-20 00:00:00,İzmir  (19. Y.G.),225695,20260620_İzmir  (19. Y.G.)_225695,106404,TÜRKAN HANIM,7.15,S.AKŞIN,0.029742963175064984,6,0.024089680688258033,7,0.6761318445205688,6,0.4683123826980591,7
2026-06-20 14:31:22,2026-06-20 00:00:00,İzmir  (19. Y.G.),225695,20260620_İzmir  (19. Y.G.)_225695,95877,KAŞEMUM KARA,1.5,İ.GÜREKE,0.3562394489137899,1,0.16620182982579682,3,0.9030493497848511,1,0.7468847632408142,3
2026-06-20 14:31:22,2026-06-20 00:00:00,İzmir  (19. Y.G.),225695,20260620_İzmir  (19. Y.G.)_225695,100131,BER KEMAL,5.75,B.BÜLBÜL,0.034664888575222215,5,0.02479731386644151,6,0.7556665539741516,5,0.5538097023963928,6
2026-06-20 14:31:22,2026-06-20 00:00:00,İzmir  (19. Y.G.),225695,20260620_İzmir  (19. Y.G.)_225695,98154,ZIPKIN OSMAN,37.1,M.TEKPETEK,0.009565615987577717,8,0.009577626791517515,8,0.08942268043756485,8,0.054110702127218246,8
2026-06-20 14:31:22,2026-06-20 00:00:00,İzmir  (19. Y.G.),225695,20260620_İzmir  (19. Y.G.)_225695,106248,DÜZLÜK,122.7,T.YILMAZ,0.01138563940926293,7,0.02535353461693972,5,0.3104137182235718,7,0.560806393623352,5
2026-06-20 14:31:22,2026-06-20 00:00:00,İzmir  (19. Y.G.),225689,20260620_İzmir  (19. Y.G.)_225689,114654,EL QUIQUE,,O.FİDAN,0.010253239667878474,6,0.009968235827428997,7,0.3977030813694,6,0.4353296756744385,7
2026-06-20 14:31:22,2026-06-20 00:00:00,İzmir  (19. Y.G.),225689,20260620_İzmir  (19. Y.G.)_225689,114789,EMPEROR,38.85,A.MEH.ALTIN,0.012070894197531708,5,0.03068193744124692,4,0.6267651915550232,3,0.6745618581771851,3
2026-06-20 14:31:22,2026-06-20 00:00:00,İzmir  (19. Y.G.),225689,20260620_İzmir  (19. Y.G.)_225689,115366,MÖSYÖ DENİZ,45.35,F.KABADAYI,0.009735983460462692,7,0.010298712597307934,6,0.4190273880958557,5,0.4570363461971283,6
2026-06-20 14:31:22,2026-06-20 00:00:00,İzmir  (19. Y.G.),225689,20260620_İzmir  (19. Y.G.)_225689,113106,PAŞOT,1.1,Y.GÖKÇE,0.09265541330838867,2,0.016676402055524252,5,0.8467341661453247,2,0.6197240352630615,5
2026-06-20 14:31:22,2026-06-20 00:00:00,İzmir  (19. Y.G.),225689,20260620_İzmir  (19. Y.G.)_225689,114264,RAŞAMO,58.3,K.YILMAZ,0.020569904186019956,3,0.08267241046347483,2,0.4734404981136322,4,0.7516557574272156,2
2026-06-20 14:31:22,2026-06-20 00:00:00,İzmir  (19. Y.G.),225689,20260620_İzmir  (19. Y.G.)_225689,115231,RULER MAN,1.9,O.YILDIZ,0.26267110653410963,1,0.13252626240851695,1,0.9310557246208191,1,0.7741169929504395,1
2026-06-20 14:31:22,2026-06-20 00:00:00,İzmir  (19. Y.G.),225689,20260620_İzmir  (19. Y.G.)_225689,115239,LADY ECRİN,90.75,A.KÜRÜNDÜK,0.015540376640814108,4,0.04136542100656175,3,0.2890797555446625,7,0.6380087733268738,4
2026-06-20 14:31:22,2026-06-20 00:00:00,İzmir  (19. Y.G.),225694,20260620_İzmir  (19. Y.G.)_225694,119989,ALTIN DERYA,3.05,M.KEÇECİ,0.11478076717799165,1,0.05120571943441428,3,0.8742967247962952,1,0.7217347621917725,2
2026-06-20 14:31:22,2026-06-20 00:00:00,İzmir  (19. Y.G.),225694,20260620_İzmir  (19. Y.G.)_225694,110354,BİBAHANIM,7.5,K.TOKAÇOĞLU,0.0592861210983418,2,0.1107269776183447,1,0.7604131102561951,4,0.7324771285057068,1
2026-06-20 14:31:22,2026-06-20 00:00:00,İzmir  (19. Y.G.),225694,20260620_İzmir  (19. Y.G.)_225694,108306,LATİFE SULTAN,3.05,Y.GÖKÇE,0.017009338080559263,7,0.009532174667495338,7,0.6857737898826599,7,0.28831735253334045,7
2026-06-20 14:31:22,2026-06-20 00:00:00,İzmir  (19. Y.G.),225694,20260620_İzmir  (19. Y.G.)_225694,120916,AMANKIZIM,7.5,M.M.KARABULUT,0.04480984787767823,4,0.05073553754886834,4,0.746457040309906,6,0.6458644270896912,4
2026-06-20 14:31:22,2026-06-20 00:00:00,İzmir  (19. Y.G.),225694,20260620_İzmir  (19. Y.G.)_225694,111896,ELMAS GÖZLÜM,10.1,B.BÜLBÜL,0.05106066533025225,3,0.055293562911518906,2,0.754558801651001,5,0.7011210918426514,3
2026-06-20 14:31:22,2026-06-20 00:00:00,İzmir  (19. Y.G.),225694,20260620_İzmir  (19. Y.G.)_225694,109316,HALİMEM,5.75,R.B.DÜNDAR,0.03257491864351346,6,0.020090420876576677,5,0.7975616455078125,3,0.5687893629074097,6
2026-06-20 14:31:22,2026-06-20 00:00:00,İzmir  (19. Y.G.),225694,20260620_İzmir  (19. Y.G.)_225694,108437,TEKSEVDAM,3.35,N.ŞEN,0.03834207648975972,5,0.014951070248668324,6,0.833510160446167,2,0.5720186829566956,5
2026-06-20 14:31:22,2026-06-20 00:00:00,İzmir  (19. Y.G.),225693,20260620_İzmir  (19. Y.G.)_225693,105573,MERCİA,23.0,T.YILDIZ,0.034647337864589824,3,0.06580625627243526,2,0.5489981174468994,8,0.6394997239112854,4
2026-06-20 14:31:22,2026-06-20 00:00:00,İzmir  (19. Y.G.),225693,20260620_İzmir  (19. Y.G.)_225693,105123,ANGEL ON THE RIGHT,1.35,B.BÜLBÜL,0.05492700957855899,2,0.01234707099715819,10,0.6736014485359192,4,0.3706803619861603,9
2026-06-20 14:31:22,2026-06-20 00:00:00,İzmir  (19. Y.G.),225693,20260620_İzmir  (19. Y.G.)_225693,105810,DARK SOUL,25.5,A.MEH.ALTIN,0.029096730312883567,5,0.09611103592211333,1,0.5537856817245483,7,0.7674343585968018,1
2026-06-20 14:31:22,2026-06-20 00:00:00,İzmir  (19. Y.G.),225693,20260620_İzmir  (19. Y.G.)_225693,106098,GULAZER,3.45,S.AKŞIN,0.18935924559928655,1,0.0648548915397392,3,0.8847104907035828,1,0.6604233980178833,2
2026-06-20 14:31:22,2026-06-20 00:00:00,İzmir  (19. Y.G.),225693,20260620_İzmir  (19. Y.G.)_225693,105494,SUICIDE KING,17.65,H.ŞİMŞEK,0.032658165912805355,4,0.04732938387832904,4,0.5663573741912842,5,0.6548811793327332,3
2026-06-20 14:31:22,2026-06-20 00:00:00,İzmir  (19. Y.G.),225693,20260620_İzmir  (19. Y.G.)_225693,108557,LIGHT OF MY WORLD,17.2,O.ATMACA,0.025663705134769295,7,0.021096894758597575,7,0.683222234249115,3,0.54628586769104,6
2026-06-20 14:31:22,2026-06-20 00:00:00,İzmir  (19. Y.G.),225693,20260620_İzmir  (19. Y.G.)_225693,102462,GRAY EMPRESS,10.45,A.SÖZEN,0.0144267091233382,8,0.014290629841623105,8,0.5623874068260193,6,0.3791223466396332,8
2026-06-20 14:31:22,2026-06-20 00:00:00,İzmir  (19. Y.G.),225693,20260620_İzmir  (19. Y.G.)_225693,105960,TOLGA REİS,45.05,Y.GÖKÇE,0.013610826388123744,10,0.022482385540114343,6,0.43937021493911743,9,0.47411009669303894,7
2026-06-20 14:31:22,2026-06-20 00:00:00,İzmir  (19. Y.G.),225693,20260620_İzmir  (19. Y.G.)_225693,86081,PRENSES DALAKA,28.6,A.KÜRÜNDÜK,0.014158319483936175,9,0.013422718967836377,9,0.42388466000556946,10,0.3455760180950165,10
2026-06-20 14:31:22,2026-06-20 00:00:00,İzmir  (19. Y.G.),225693,20260620_İzmir  (19. Y.G.)_225693,107178,SİYAH KRAL,16.3,Ç.TAŞCI,0.027775600026453913,6,0.029325867597704038,5,0.7280588746070862,2,0.569776713848114,5
2026-06-20 14:31:22,2026-06-20 00:00:00,İzmir  (19. Y.G.),225693,20260620_İzmir  (19. Y.G.)_225693,105374,MY JET,20.55,K.YILMAZ,0.011210867284877687,11,0.0109478393103693,11,0.2431412935256958,11,0.21951472759246826,11
2026-06-20 14:31:22,2026-06-20 00:00:00,İzmir  (19. Y.G.),225688,20260620_İzmir  (19. Y.G.)_225688,115138,TEMERARIO,2.4,M.KEÇECİ,0.028922083383845554,4,0.012152597308842958,7,0.8041131496429443,2,0.5130835771560669,7
2026-06-20 14:31:22,2026-06-20 00:00:00,İzmir  (19. Y.G.),225688,20260620_İzmir  (19. Y.G.)_225688,114326,EL NACHO,,O.YILMAZ,0.012671570008429667,7,0.016605717435863445,5,0.44655337929725647,7,0.5249367952346802,6
2026-06-20 14:31:22,2026-06-20 00:00:00,İzmir  (19. Y.G.),225688,20260620_İzmir  (19. Y.G.)_225688,116379,FINAL SHOT,13.35,N.AVCİ,0.04534478320377144,2,0.14730897063725062,1,0.5754426717758179,6,0.7564473748207092,1
2026-06-20 14:31:22,2026-06-20 00:00:00,İzmir  (19. Y.G.),225688,20260620_İzmir  (19. Y.G.)_225688,113597,MY LITTLE BOY,1.35,Y.GÖKÇE,0.06236322982987688,1,0.011533118535971382,8,0.8261892199516296,1,0.4914799928665161,8
2026-06-20 14:31:22,2026-06-20 00:00:00,İzmir  (19. Y.G.),225688,20260620_İzmir  (19. Y.G.)_225688,118158,SMART SOSAN,999.99,S.AKŞIN,0.015219844777140074,6,0.032632660543722346,3,0.3008687496185303,8,0.5982744097709656,3
2026-06-20 14:31:22,2026-06-20 00:00:00,İzmir  (19. Y.G.),225688,20260620_İzmir  (19. Y.G.)_225688,113045,SON DU ROİ,10.9,M.KAYİŞ,0.03405562836256764,3,0.04052529603617736,2,0.6062676906585693,5,0.5857875943183899,4
2026-06-20 14:31:22,2026-06-20 00:00:00,İzmir  (19. Y.G.),225688,20260620_İzmir  (19. Y.G.)_225688,116691,FLOR DA ROSA,11.05,A.YILDIZ,0.011552188751255773,8,0.014384651627928877,6,0.6174555420875549,4,0.5669935941696167,5
2026-06-20 14:31:22,2026-06-20 00:00:00,İzmir  (19. Y.G.),225688,20260620_İzmir  (19. Y.G.)_225688,113477,HANSİNİ,10.2,A.MEH.ALTIN,0.015850773303613952,5,0.02189232547655015,4,0.7560701966285706,3,0.65061354637146,2
2026-06-20 14:31:22,2026-06-20 00:00:00,İzmir  (19. Y.G.),225690,20260620_İzmir  (19. Y.G.)_225690,110459,BOB VALDES,3.2,A.SÖZEN,0.28916890147706575,2,0.2545169853361013,2,0.9371978640556335,1,0.8646055459976196,2
2026-06-20 14:31:22,2026-06-20 00:00:00,İzmir  (19. Y.G.),225690,20260620_İzmir  (19. Y.G.)_225690,109576,FROST CAT,12.3,A.MEH.ALTIN,0.015941814092985816,7,0.01856119051068032,7,0.5340952277183533,8,0.5193014144897461,7
2026-06-20 14:31:22,2026-06-20 00:00:00,İzmir  (19. Y.G.),225690,20260620_İzmir  (19. Y.G.)_225690,109597,ÇEPNİ,13.8,A.İNCİ,0.05783834284291017,5,0.10478382455848893,5,0.7029694318771362,6,0.749994695186615,4
2026-06-20 14:31:22,2026-06-20 00:00:00,İzmir  (19. Y.G.),225690,20260620_İzmir  (19. Y.G.)_225690,109914,DANCE OF WIND,5.4,O.YILDIZ,0.11772206838366137,4,0.11196716481263319,4,0.8737074136734009,3,0.7884387969970703,3
2026-06-20 14:31:22,2026-06-20 00:00:00,İzmir  (19. Y.G.),225690,20260620_İzmir  (19. Y.G.)_225690,110692,FEARLESS DRAGON,3.95,A.YILDIZ,0.05049686618221639,6,0.033020456220651064,6,0.8231344819068909,5,0.6442194581031799,6
2026-06-20 14:31:22,2026-06-20 00:00:00,İzmir  (19. Y.G.),225690,20260620_İzmir  (19. Y.G.)_225690,109051,ÖNDERBEYİM,10.35,N.AVCİ,0.134313912796857,3,0.25803834540278475,1,0.8309915065765381,4,0.8700874447822571,1
2026-06-20 14:31:22,2026-06-20 00:00:00,İzmir  (19. Y.G.),225690,20260620_İzmir  (19. Y.G.)_225690,110840,WAR STORM,6.2,K.TOKAÇOĞLU,0.012441547634414851,8,0.011175803989557984,8,0.6142749786376953,7,0.3889048993587494,8
2026-06-20 14:31:22,2026-06-20 00:00:00,İzmir  (19. Y.G.),225690,20260620_İzmir  (19. Y.G.)_225690,108695,YİĞENİM NEHİR,3.05,O.ATMACA,0.30900364396309254,1,0.15250172612397386,3,0.8974549174308777,2,0.7227013111114502,5
2026-06-20 14:31:22,2026-06-20 00:00:00,İzmir  (19. Y.G.),225692,20260620_İzmir  (19. Y.G.)_225692,103164,ASLAN HALİLİM,79.05,Y.GÖKÇE,0.013892699777796244,6,0.042339735289318364,6,0.33266350626945496,6,0.655540943145752,6
2026-06-20 14:31:22,2026-06-20 00:00:00,İzmir  (19. Y.G.),225692,20260620_İzmir  (19. Y.G.)_225692,100496,MY STAR,16.15,A.MEH.ALTIN,0.1262250001453413,2,0.24435770730785225,2,0.7889729142189026,3,0.8380224704742432,1
2026-06-20 14:31:22,2026-06-20 00:00:00,İzmir  (19. Y.G.),225692,20260620_İzmir  (19. Y.G.)_225692,104165,PERFECT SUNSET,1.05,A.SÖZEN,0.2216122097786505,1,0.0698996966659308,4,0.8777462840080261,1,0.7302842140197754,3
2026-06-20 14:31:22,2026-06-20 00:00:00,İzmir  (19. Y.G.),225692,20260620_İzmir  (19. Y.G.)_225692,104138,THE ADMIRAL,16.15,K.YILMAZ,0.06033201632248081,5,0.11178642825067495,3,0.7471518516540527,4,0.726254403591156,4
2026-06-20 14:31:22,2026-06-20 00:00:00,İzmir  (19. Y.G.),225692,20260620_İzmir  (19. Y.G.)_225692,105664,BUCALI BERAT,9.6,A.İNCİ,0.06985886336958895,4,0.056993472011992834,5,0.8325420618057251,2,0.6997826099395752,5
2026-06-20 14:31:22,2026-06-20 00:00:00,İzmir  (19. Y.G.),225692,20260620_İzmir  (19. Y.G.)_225692,101388,FEBRİS,18.2,N.AVCİ,0.08400818757174898,3,0.2626604839534023,1,0.7467555403709412,5,0.8248863816261292,2
2026-06-20 14:31:22,2026-06-20 00:00:00,İzmir  (19. Y.G.),225691,20260620_İzmir  (19. Y.G.)_225691,109849,EXIREL,6.75,A.YILDIZ,0.014855093789815258,8,0.012280850108658583,8,0.5335224866867065,8,0.28618085384368896,8
2026-06-20 14:31:22,2026-06-20 00:00:00,İzmir  (19. Y.G.),225691,20260620_İzmir  (19. Y.G.)_225691,108771,SABALENKA,8.65,B.BÜLBÜL,0.08100053774013373,3,0.09379360505896912,1,0.807590901851654,3,0.7885940670967102,1
2026-06-20 14:31:22,2026-06-20 00:00:00,İzmir  (19. Y.G.),225691,20260620_İzmir  (19. Y.G.)_225691,108417,STAR OF RÜZGAR,9.35,O.ATMACA,0.029218612391325297,6,0.03260304987260312,5,0.6637491583824158,6,0.604526937007904,6
2026-06-20 14:31:22,2026-06-20 00:00:00,İzmir  (19. Y.G.),225691,20260620_İzmir  (19. Y.G.)_225691,109754,ZENITH SKY,35.35,N.AVCİ,0.008866617911966301,9,0.009236186397170103,9,0.04510420188307762,9,0.0566621832549572,9
2026-06-20 14:31:22,2026-06-20 00:00:00,İzmir  (19. Y.G.),225691,20260620_İzmir  (19. Y.G.)_225691,110450,LITTLE BATTLER,2.95,Y.GÖKÇE,0.19026500229850885,2,0.049570881771544124,3,0.898218035697937,2,0.6263725757598877,3
2026-06-20 14:31:22,2026-06-20 00:00:00,İzmir  (19. Y.G.),225691,20260620_İzmir  (19. Y.G.)_225691,109882,REALISTIC GIRL,29.65,A.KÜRÜNDÜK,0.017361352888324712,7,0.026809305273649456,6,0.5569023489952087,7,0.6220287084579468,4
2026-06-20 14:31:22,2026-06-20 00:00:00,İzmir  (19. Y.G.),225691,20260620_İzmir  (19. Y.G.)_225691,108472,ROSİLDA,3.15,M.KEÇECİ,0.22391986092771515,1,0.0620783025843803,2,0.8991833925247192,1,0.6517243981361389,2
2026-06-20 14:31:22,2026-06-20 00:00:00,İzmir  (19. Y.G.),225691,20260620_İzmir  (19. Y.G.)_225691,110934,SECRET LION,8.25,E.TEPE,0.052051877038317,5,0.04348474173441038,4,0.7806465029716492,5,0.6159113645553589,5
2026-06-20 14:31:22,2026-06-20 00:00:00,İzmir  (19. Y.G.),225691,20260620_İzmir  (19. Y.G.)_225691,108902,ÇİFTE YÜREKLİ,3.55,H.ŞİMŞEK,0.07240072309556775,4,0.023619325519778755,7,0.7930306196212769,4,0.4908558130264282,7
2026-06-20 14:31:22,2026-06-20 00:00:00,İzmir  (19. Y.G.),225696,20260620_İzmir  (19. Y.G.)_225696,102305,ÖZGÜNSULTAN,8.85,K.YILMAZ,0.027258858464642242,8,0.03327379599794951,9,0.5510644316673279,6,0.3558116853237152,9
2026-06-20 14:31:22,2026-06-20 00:00:00,İzmir  (19. Y.G.),225696,20260620_İzmir  (19. Y.G.)_225696,98749,BENDEME,6.1,E.AKPINAR,0.10409592064867848,1,0.08499982537484571,1,0.7968391180038452,1,0.6509833335876465,1
2026-06-20 14:31:22,2026-06-20 00:00:00,İzmir  (19. Y.G.),225696,20260620_İzmir  (19. Y.G.)_225696,103125,MİRAY ABLA,13.6,T.YILDIZ,0.04956394160937574,3,0.0683363242378818,2,0.5172479152679443,8,0.6028426289558411,3
2026-06-20 14:31:22,2026-06-20 00:00:00,İzmir  (19. Y.G.),225696,20260620_İzmir  (19. Y.G.)_225696,103250,ERGEN,23.45,M.M.KARABULUT,0.02575397930736222,9,0.05029017895673947,4,0.4184366464614868,14,0.4777374863624573,7
2026-06-20 14:31:22,2026-06-20 00:00:00,İzmir  (19. Y.G.),225696,20260620_İzmir  (19. Y.G.)_225696,98589,AKAR EDA,14.5,A.MEH.ALTIN,0.04075007976936563,5,0.04900081065658178,5,0.5732232332229614,4,0.6045516133308411,2
2026-06-20 14:31:22,2026-06-20 00:00:00,İzmir  (19. Y.G.),225696,20260620_İzmir  (19. Y.G.)_225696,112534,SOSAN YILDIZI,33.6,Y.GÖKÇE,0.015652887257752914,13,0.02433600833188554,10,0.31470856070518494,17,0.40458786487579346,8
2026-06-20 14:31:22,2026-06-20 00:00:00,İzmir  (19. Y.G.),225696,20260620_İzmir  (19. Y.G.)_225696,99091,BAŞ SÜVARİ,33.6,O.ATMACA,0.01604524357690382,12,0.018819437548940842,13,0.2546726167201996,18,0.3221842646598816,14
2026-06-20 14:31:22,2026-06-20 00:00:00,İzmir  (19. Y.G.),225696,20260620_İzmir  (19. Y.G.)_225696,97412,SAMSAT,13.6,H.ŞİMŞEK,0.031678008352299704,7,0.0362328532062144,7,0.4812800884246826,9,0.502392590045929,6
2026-06-20 14:31:22,2026-06-20 00:00:00,İzmir  (19. Y.G.),225696,20260620_İzmir  (19. Y.G.)_225696,98643,ARLİNHAN,8.3,N.AVCİ,0.04900423901267817,4,0.04821437386726026,6,0.6447661519050598,3,0.5398312211036682,5
2026-06-20 14:31:22,2026-06-20 00:00:00,İzmir  (19. Y.G.),225696,20260620_İzmir  (19. Y.G.)_225696,106417,DERYADİL,32.3,S.AKŞIN,0.014679481337632274,14,0.018847488619355868,12,0.33328521251678467,16,0.30594706535339355,16
2026-06-20 14:31:22,2026-06-20 00:00:00,İzmir  (19. Y.G.),225696,20260620_İzmir  (19. Y.G.)_225696,100672,ÖZGÜLEN GÜZELİ,5.9,M.KEÇECİ,0.102089305430985,2,0.0594956179682637,3,0.7666975259780884,2,0.5478096008300781,4
2026-06-20 14:31:22,2026-06-20 00:00:00,İzmir  (19. Y.G.),225696,20260620_İzmir  (19. Y.G.)_225696,100971,YARENYAR,15.3,B.BÜLBÜL,0.03188828171990553,6,0.022367394371466405,11,0.5319437384605408,7,0.33672815561294556,13
2026-06-20 14:31:22,2026-06-20 00:00:00,İzmir  (19. Y.G.),225696,20260620_İzmir  (19. Y.G.)_225696,106262,EL HAT,15.7,A.KÜRÜNDÜK,0.013044579548068036,16,0.011578302397030041,16,0.4561035931110382,12,0.27731671929359436,18
2026-06-20 14:31:22,2026-06-20 00:00:00,İzmir  (19. Y.G.),225696,20260620_İzmir  (19. Y.G.)_225696,111424,DİLBERHATUN,7.65,A.İNCİ,0.016492751243239505,11,0.012264117263728991,15,0.5725492835044861,5,0.338562935590744,12
2026-06-20 14:31:22,2026-06-20 00:00:00,İzmir  (19. Y.G.),225696,20260620_İzmir  (19. Y.G.)_225696,101936,ÇÖL KRALİÇESİ,11.95,H.YOLAÇICI,0.01206560497194775,17,0.01117836536130011,17,0.4636450707912445,11,0.28252121806144714,17
2026-06-20 14:31:22,2026-06-20 00:00:00,İzmir  (19. Y.G.),225696,20260620_İzmir  (19. Y.G.)_225696,107648,YOL GEZER,14.25,Ç.TAŞCI,0.013661780467089915,15,0.012542688877127018,14,0.4521165192127228,13,0.35095497965812683,11
2026-06-20 14:31:22,2026-06-20 00:00:00,İzmir  (19. Y.G.),225696,20260620_İzmir  (19. Y.G.)_225696,104984,HÜKÜMDAR KIZ,244.9,A.METİN,0.009244233774794367,19,0.010350983094479302,18,0.24411259591579437,19,0.3102537989616394,15
2026-06-20 14:31:22,2026-06-20 00:00:00,İzmir  (19. Y.G.),225696,20260620_İzmir  (19. Y.G.)_225696,102663,YILDIZ SULTAN,13.5,R.B.DÜNDAR,0.011815144613662064,18,0.009864521681682222,19,0.39965683221817017,15,0.26730841398239136,19
2026-06-20 14:31:22,2026-06-20 00:00:00,İzmir  (19. Y.G.),225696,20260620_İzmir  (19. Y.G.)_225696,107227,YILDIZ SOY,13.7,M.TEKPETEK,0.016841018587359233,10,0.0353001424179611,8,0.47516971826553345,10,0.35374322533607483,10
2026-06-20 14:31:22,2026-06-20 00:00:00,İzmir  (19. Y.G.),225696,20260620_İzmir  (19. Y.G.)_225696,102868,AFİŞE,244.9,M.B.ÖNCEL,0.008388388441958518,20,0.008061229646407648,20,0.10393759608268738,20,0.1348317563533783,20
2026-06-20 14:31:22,2026-06-20 00:00:00,Diyarbakır  (10. Y.G.),225705,20260620_Diyarbakır  (10. Y.G.)_225705,114619,KING SERGEN,12.15,H.SARIDAL,0.023898606461636877,5,0.024607223852629728,3,0.4384509325027466,9,0.469326376914978,6
2026-06-20 14:31:22,2026-06-20 00:00:00,Diyarbakır  (10. Y.G.),225705,20260620_Diyarbakır  (10. Y.G.)_225705,113615,CARSON ZIP,4.45,İ.KATAR,0.024099950074675434,4,0.01489109647542862,5,0.7571470737457275,3,0.48024168610572815,4
2026-06-20 14:31:22,2026-06-20 00:00:00,Diyarbakır  (10. Y.G.),225705,20260620_Diyarbakır  (10. Y.G.)_225705,114709,ÇELİK STAR,13.55,H.ALTUNDAĞ,0.011327205766596076,9,0.010688263691457537,8,0.5243068933486938,8,0.4344432055950165,7
2026-06-20 14:31:22,2026-06-20 00:00:00,Diyarbakır  (10. Y.G.),225705,20260620_Diyarbakır  (10. Y.G.)_225705,113817,LORD OF THE SEA,4.05,A.AKDEMİR,0.15072103150751234,1,0.04116073038024039,1,0.8434758186340332,1,0.616828441619873,1
2026-06-20 14:31:22,2026-06-20 00:00:00,Diyarbakır  (10. Y.G.),225705,20260620_Diyarbakır  (10. Y.G.)_225705,121972,NÜSRETCAN,3.8,N.ALTIN,0.03816452513124337,3,0.022656494007045534,4,0.7874581813812256,2,0.5906264781951904,2
2026-06-20 14:31:22,2026-06-20 00:00:00,Diyarbakır  (10. Y.G.),225705,20260620_Diyarbakır  (10. Y.G.)_225705,113861,TAFO IS BACK,10.05,M.ŞAKİR,0.0385187462726833,2,0.036451583868707824,2,0.6434242725372314,5,0.5235647559165955,3
2026-06-20 14:31:22,2026-06-20 00:00:00,Diyarbakır  (10. Y.G.),225705,20260620_Diyarbakır  (10. Y.G.)_225705,115336,ANGEL OF DONYA,9.25,M.IŞIK,0.011902852458520418,8,0.010852638527829675,7,0.6277791261672974,7,0.4095447361469269,8
2026-06-20 14:31:22,2026-06-20 00:00:00,Diyarbakır  (10. Y.G.),225705,20260620_Diyarbakır  (10. Y.G.)_225705,116800,MAYBE FOR US,6.45,S.KAPLAN,0.013916619788809757,7,0.010451034920902895,10,0.6421564221382141,6,0.3574508726596832,10
2026-06-20 14:31:22,2026-06-20 00:00:00,Diyarbakır  (10. Y.G.),225705,20260620_Diyarbakır  (10. Y.G.)_225705,113129,VALENTINE GIRL,4.35,Y.CENGİZ,0.01777156677468299,6,0.01058020317933401,9,0.7124634981155396,4,0.40428978204727173,9
2026-06-20 14:31:22,2026-06-20 00:00:00,Diyarbakır  (10. Y.G.),225705,20260620_Diyarbakır  (10. Y.G.)_225705,115854,ZEHRA HİRA,194.4,Y.ÇELİKBAŞ,0.009366953059407563,10,0.011766521238855727,6,0.24047820270061493,10,0.4799180328845978,5
2026-06-20 14:31:22,2026-06-20 00:00:00,Diyarbakır  (10. Y.G.),225710,20260620_Diyarbakır  (10. Y.G.)_225710,102094,TOWSON,96.45,M.ŞAKİR,0.019859985244522323,11,0.04966393681153486,3,0.23796065151691437,12,0.4892160892486572,5
2026-06-20 14:31:22,2026-06-20 00:00:00,Diyarbakır  (10. Y.G.),225710,20260620_Diyarbakır  (10. Y.G.)_225710,103798,BROMANCE,26.75,İ.AKYAVUZ,0.02497457570228616,10,0.05240871768813733,2,0.43080663681030273,10,0.5980777740478516,2
2026-06-20 14:31:22,2026-06-20 00:00:00,Diyarbakır  (10. Y.G.),225710,20260620_Diyarbakır  (10. Y.G.)_225710,95341,TRADER,10.0,M.DOĞAN,0.038602369640139446,7,0.03156485227346438,10,0.5408580899238586,9,0.41830870509147644,9
2026-06-20 14:31:22,2026-06-20 00:00:00,Diyarbakır  (10. Y.G.),225710,20260620_Diyarbakır  (10. Y.G.)_225710,100923,DESERT FEVER,5.45,M.IŞIK,0.06767845529835216,4,0.040864815166388714,7,0.7345324158668518,4,0.4670567214488983,8
2026-06-20 14:31:22,2026-06-20 00:00:00,Diyarbakır  (10. Y.G.),225710,20260620_Diyarbakır  (10. Y.G.)_225710,107267,SPEEDING BULLET,3.75,İ.KATAR,0.13189818433963235,1,0.04837631900767659,4,0.7956116199493408,1,0.486709862947464,6
2026-06-20 14:31:22,2026-06-20 00:00:00,Diyarbakır  (10. Y.G.),225710,20260620_Diyarbakır  (10. Y.G.)_225710,102671,BRO BORA,5.25,S.KAPLAN,0.07969156580360975,3,0.0425579170043794,6,0.7406114935874939,2,0.46855008602142334,7
2026-06-20 14:31:22,2026-06-20 00:00:00,Diyarbakır  (10. Y.G.),225710,20260620_Diyarbakır  (10. Y.G.)_225710,111667,MY IRON,9.45,L.TAPTIK,0.08868433071904412,2,0.1291122272251212,1,0.7360579967498779,3,0.677939236164093,1
2026-06-20 14:31:22,2026-06-20 00:00:00,Diyarbakır  (10. Y.G.),225710,20260620_Diyarbakır  (10. Y.G.)_225710,103462,TYRAXES,68.85,H.ALTUNDAĞ,0.013830166688755908,13,0.0327263138496844,9,0.23629671335220337,13,0.4987412393093109,4
2026-06-20 14:31:22,2026-06-20 00:00:00,Diyarbakır  (10. Y.G.),225710,20260620_Diyarbakır  (10. Y.G.)_225710,99848,GODSPEED,43.8,H.SARIDAL,0.018157592160210397,12,0.03513291352088533,8,0.3535007834434509,11,0.39288797974586487,12
2026-06-20 14:31:22,2026-06-20 00:00:00,Diyarbakır  (10. Y.G.),225710,20260620_Diyarbakır  (10. Y.G.)_225710,103729,FAST FOTON,48.2,Y.CENGİZ,0.010446090615382295,14,0.011056794129394192,14,0.15433309972286224,14,0.21468111872673035,14
2026-06-20 14:31:22,2026-06-20 00:00:00,Diyarbakır  (10. Y.G.),225710,20260620_Diyarbakır  (10. Y.G.)_225710,103849,INFORMACTION,5.95,A.AKDEMİR,0.03696846239587354,8,0.02550934719455535,12,0.656018078327179,7,0.4083457589149475,10
2026-06-20 14:31:22,2026-06-20 00:00:00,Diyarbakır  (10. Y.G.),225710,20260620_Diyarbakır  (10. Y.G.)_225710,104698,NADUH,6.3,M.P.DEMİR,0.05802863207631811,5,0.04328815845119487,5,0.7049249410629272,6,0.5208041667938232,3
2026-06-20 14:31:22,2026-06-20 00:00:00,Diyarbakır  (10. Y.G.),225710,20260620_Diyarbakır  (10. Y.G.)_225710,93462,HAMİDİN,4.75,A.H.BAYAR,0.05257958346781006,6,0.028017198533231764,11,0.7182216644287109,5,0.40828725695610046,11
2026-06-20 14:31:22,2026-06-20 00:00:00,Diyarbakır  (10. Y.G.),225710,20260620_Diyarbakır  (10. Y.G.)_225710,104366,HOT SUGAR,6.3,N.ALTIN,0.02644164631114601,9,0.02018410482080922,13,0.5733832120895386,8,0.3679061532020569,13
2026-06-20 14:31:22,2026-06-20 00:00:00,Diyarbakır  (10. Y.G.),225706,20260620_Diyarbakır  (10. Y.G.)_225706,117059,KRAL ALPER,6.55,A.AKDEMİR,0.0896462262919095,3,0.06449643097456359,3,0.7098151445388794,3,0.5846067667007446,3
2026-06-20 14:31:22,2026-06-20 00:00:00,Diyarbakır  (10. Y.G.),225706,20260620_Diyarbakır  (10. Y.G.)_225706,107727,ÇAKIR ASLANI,3.6,N.ALTIN,0.31612866907450754,1,0.26477416076479243,1,0.9007775187492371,1,0.7979726791381836,1
2026-06-20 14:31:22,2026-06-20 00:00:00,Diyarbakır  (10. Y.G.),225706,20260620_Diyarbakır  (10. Y.G.)_225706,112200,GOLDEN COOGER,4.75,İ.AKYAVUZ,0.0417552623370736,5,0.025766401568691307,6,0.6889840364456177,5,0.4890621304512024,5
2026-06-20 14:31:22,2026-06-20 00:00:00,Diyarbakır  (10. Y.G.),225706,20260620_Diyarbakır  (10. Y.G.)_225706,109852,LADY SCREAM,25.1,M.IŞIK,0.020315867310444158,6,0.039866173230320455,5,0.465867817401886,8,0.4756953716278076,6
2026-06-20 14:31:22,2026-06-20 00:00:00,Diyarbakır  (10. Y.G.),225706,20260620_Diyarbakır  (10. Y.G.)_225706,110619,TITANIA,54.35,Y.ÇELİKBAŞ,0.014415831474976961,9,0.023815129762535782,7,0.2807536721229553,10,0.4997450113296509,4
2026-06-20 14:31:22,2026-06-20 00:00:00,Diyarbakır  (10. Y.G.),225706,20260620_Diyarbakır  (10. Y.G.)_225706,108167,SEEK AND DESTROY,9.15,R.DOĞAN,0.07176705879235454,4,0.10251565222761364,2,0.7027992606163025,4,0.6344960927963257,2
2026-06-20 14:31:22,2026-06-20 00:00:00,Diyarbakır  (10. Y.G.),225706,20260620_Diyarbakır  (10. Y.G.)_225706,112391,ÜNLÜSİMA,15.9,İ.KATAR,0.010262029714682062,12,0.008816786351645105,12,0.1517440527677536,12,0.07634980976581573,12
2026-06-20 14:31:22,2026-06-20 00:00:00,Diyarbakır  (10. Y.G.),225706,20260620_Diyarbakır  (10. Y.G.)_225706,108540,AFROZY RED LINE,9.7,Y.CENGİZ,0.014297741702159451,10,0.011371732474039128,10,0.45569249987602234,9,0.2581138014793396,10
2026-06-20 14:31:22,2026-06-20 00:00:00,Diyarbakır  (10. Y.G.),225706,20260620_Diyarbakır  (10. Y.G.)_225706,107514,ELELE,15.9,S.KAPLAN,0.01693136589682821,7,0.01703311870261544,8,0.5298441052436829,6,0.39860060811042786,8
2026-06-20 14:31:22,2026-06-20 00:00:00,Diyarbakır  (10. Y.G.),225706,20260620_Diyarbakır  (10. Y.G.)_225706,110912,LA LLEVO AL CİELO,9.05,M.ŞAKİR,0.016400502167176798,8,0.013535657982037153,9,0.524619996547699,7,0.32998156547546387,9
2026-06-20 14:31:22,2026-06-20 00:00:00,Diyarbakır  (10. Y.G.),225706,20260620_Diyarbakır  (10. Y.G.)_225706,117122,CAPTAIN AT SEA,9.05,L.TAPTIK,0.011274202695777752,11,0.009993885928723353,11,0.2760680913925171,11,0.14446629583835602,11
2026-06-20 14:31:22,2026-06-20 00:00:00,Diyarbakır  (10. Y.G.),225706,20260620_Diyarbakır  (10. Y.G.)_225706,112090,ELİFGÖKÇEM,326.35,H.SARIDAL,0.008189035190855424,13,0.0077026317935640866,13,0.03687788173556328,13,0.02919037640094757,13
2026-06-20 14:31:22,2026-06-20 00:00:00,Diyarbakır  (10. Y.G.),225706,20260620_Diyarbakır  (10. Y.G.)_225706,108533,OLOBOR,4.4,H.YÖNDEN,0.1252472080071718,2,0.049348708291786114,4,0.8092037439346313,2,0.4437117278575897,7
2026-06-20 14:31:22,2026-06-20 00:00:00,Diyarbakır  (10. Y.G.),225709,20260620_Diyarbakır  (10. Y.G.)_225709,107287,MONOMOY GIRL,7.5,M.ŞAKİR,0.01758232297190403,7,0.01505658889680001,7,0.4649076759815216,7,0.32368478178977966,7
2026-06-20 14:31:22,2026-06-20 00:00:00,Diyarbakır  (10. Y.G.),225709,20260620_Diyarbakır  (10. Y.G.)_225709,106088,BELLAFINA,5.25,İ.AKYAVUZ,0.13349698829627774,3,0.145221058233173,4,0.8549765348434448,2,0.6856809854507446,4
2026-06-20 14:31:22,2026-06-20 00:00:00,Diyarbakır  (10. Y.G.),225709,20260620_Diyarbakır  (10. Y.G.)_225709,105179,GÜLHA,14.7,A.AKDEMİR,0.10637338346499682,4,0.2479010802127026,2,0.7663966417312622,5,0.8455015420913696,1
2026-06-20 14:31:22,2026-06-20 00:00:00,Diyarbakır  (10. Y.G.),225709,20260620_Diyarbakır  (10. Y.G.)_225709,105612,JOYNER RUNNER,7.5,Y.ÇELİKBAŞ,0.030889065370919372,6,0.02501929828225966,6,0.6582050919532776,6,0.5362288951873779,6
2026-06-20 14:31:22,2026-06-20 00:00:00,Diyarbakır  (10. Y.G.),225709,20260620_Diyarbakır  (10. Y.G.)_225709,100134,PRINCESS ALLIANOI,7.5,Y.CENGİZ,0.14036156913888204,2,0.216636914277208,3,0.849496066570282,3,0.793529748916626,3
2026-06-20 14:31:22,2026-06-20 00:00:00,Diyarbakır  (10. Y.G.),225709,20260620_Diyarbakır  (10. Y.G.)_225709,98077,SEHERİN YELİ,6.05,N.ALTIN,0.3420976460168766,1,0.39376413889478284,1,0.8828089833259583,1,0.8389260768890381,2
2026-06-20 14:31:22,2026-06-20 00:00:00,Diyarbakır  (10. Y.G.),225709,20260620_Diyarbakır  (10. Y.G.)_225709,108104,QUEEN OF VICTORY,7.5,M.IŞIK,0.012121152207825569,9,0.009349033049695412,9,0.23505699634552002,9,0.09366592019796371,10
2026-06-20 14:31:22,2026-06-20 00:00:00,Diyarbakır  (10. Y.G.),225709,20260620_Diyarbakır  (10. Y.G.)_225709,111138,ULTIMATE POWER,309.45,H.YÖNDEN,0.00845412905176254,11,0.010192217414647372,8,0.10765811800956726,11,0.22271370887756348,8
2026-06-20 14:31:22,2026-06-20 00:00:00,Diyarbakır  (10. Y.G.),225709,20260620_Diyarbakır  (10. Y.G.)_225709,103650,ARES CAT,4.35,L.TAPTIK,0.10201827556582514,5,0.04401141612917475,5,0.8237085342407227,4,0.5898889899253845,5
2026-06-20 14:31:22,2026-06-20 00:00:00,Diyarbakır  (10. Y.G.),225709,20260620_Diyarbakır  (10. Y.G.)_225709,103538,STRAWBERRY LADY,6.05,H.ALTUNDAĞ,0.013019024877325142,8,0.009231443182723377,10,0.292705237865448,8,0.12215177714824677,9
2026-06-20 14:31:22,2026-06-20 00:00:00,Diyarbakır  (10. Y.G.),225709,20260620_Diyarbakır  (10. Y.G.)_225709,105391,JİNORA,7.5,İ.KATAR,0.010526967757047428,10,0.008555236845083138,11,0.15309952199459076,10,0.03922036290168762,11
2026-06-20 14:31:22,2026-06-20 00:00:00,Diyarbakır  (10. Y.G.),225708,20260620_Diyarbakır  (10. Y.G.)_225708,108915,EYLÜL GÜZELİ,11.55,H.YÖNDEN,0.02530419717014016,6,0.02892483331599345,6,0.5107854008674622,7,0.5372058749198914,6
2026-06-20 14:31:22,2026-06-20 00:00:00,Diyarbakır  (10. Y.G.),225708,20260620_Diyarbakır  (10. Y.G.)_225708,112509,ELİFNAZ HANIM,5.85,A.AKDEMİR,0.0688421017969588,4,0.0477247608427661,2,0.831382691860199,4,0.6790677309036255,2
2026-06-20 14:31:22,2026-06-20 00:00:00,Diyarbakır  (10. Y.G.),225708,20260620_Diyarbakır  (10. Y.G.)_225708,110888,ALGHABRA,6.95,H.SARIDAL,0.011089781891345428,8,0.008808037044852227,8,0.5015785098075867,8,0.21469074487686157,8
2026-06-20 14:31:22,2026-06-20 00:00:00,Diyarbakır  (10. Y.G.),225708,20260620_Diyarbakır  (10. Y.G.)_225708,109764,DEMİRŞİMŞEK KIZI,14.45,Y.ÇELİKBAŞ,0.03436750183268298,5,0.046563852083673855,3,0.5228233337402344,6,0.6430186033248901,3
2026-06-20 14:31:22,2026-06-20 00:00:00,Diyarbakır  (10. Y.G.),225708,20260620_Diyarbakır  (10. Y.G.)_225708,113717,EZDAR GÜLÜ,1.95,A.H.BAYAR,0.10708516876242336,2,0.03556042345486279,5,0.8596768379211426,2,0.639489471912384,4
2026-06-20 14:31:22,2026-06-20 00:00:00,Diyarbakır  (10. Y.G.),225708,20260620_Diyarbakır  (10. Y.G.)_225708,116160,KURUDUT,4.1,N.ALTIN,0.08185708703698852,3,0.0806707229579804,1,0.8618230223655701,1,0.7169421911239624,1
2026-06-20 14:31:22,2026-06-20 00:00:00,Diyarbakır  (10. Y.G.),225708,20260620_Diyarbakır  (10. Y.G.)_225708,111756,TİGRİS HANIM,3.65,S.KAPLAN,0.13331108767207145,1,0.04255241969315362,4,0.8405287265777588,3,0.605008602142334,5
2026-06-20 14:31:22,2026-06-20 00:00:00,Diyarbakır  (10. Y.G.),225708,20260620_Diyarbakır  (10. Y.G.)_225708,110696,TOPRAK ÇİÇEĞİ,6.95,H.ALTUNDAĞ,0.012135334980056083,7,0.009948986282572096,7,0.5769098401069641,5,0.3192724585533142,7
2026-06-20 14:31:22,2026-06-20 00:00:00,Diyarbakır  (10. Y.G.),225707,20260620_Diyarbakır  (10. Y.G.)_225707,76539,DUMRUL,23.4,İ.KATAR,0.044316640051836706,8,0.057777952659353204,7,0.4801512360572815,10,0.5178569555282593,7
2026-06-20 14:31:22,2026-06-20 00:00:00,Diyarbakır  (10. Y.G.),225707,20260620_Diyarbakır  (10. Y.G.)_225707,81581,OĞLUMBENİM,468.45,Y.ÇELİKBAŞ,0.015058989609822966,13,0.03137690858649359,9,0.18954908847808838,14,0.3671656847000122,10
2026-06-20 14:31:22,2026-06-20 00:00:00,Diyarbakır  (10. Y.G.),225707,20260620_Diyarbakır  (10. Y.G.)_225707,84765,YAĞIZALP,6.4,İ.AKYAVUZ,0.11986991176639342,1,0.09940015473003719,2,0.7739463448524475,1,0.6520354151725769,3
2026-06-20 14:31:22,2026-06-20 00:00:00,Diyarbakır  (10. Y.G.),225707,20260620_Diyarbakır  (10. Y.G.)_225707,108473,KÜÇÜK BOZTEPE,3.15,Y.CENGİZ,0.07003962378691085,3,0.021134888404063218,10,0.7293347716331482,3,0.41792094707489014,9
2026-06-20 14:31:22,2026-06-20 00:00:00,Diyarbakır  (10. Y.G.),225707,20260620_Diyarbakır  (10. Y.G.)_225707,101070,MİRŞEŞEN,9.75,N.ALTIN,0.0538888428935954,5,0.05951181391999219,6,0.6144736409187317,7,0.5037569403648376,8
2026-06-20 14:31:22,2026-06-20 00:00:00,Diyarbakır  (10. Y.G.),225707,20260620_Diyarbakır  (10. Y.G.)_225707,93905,MUFUKCAN,6.35,S.KAPLAN,0.0418906566541454,9,0.018327246439937866,11,0.5688419938087463,8,0.3062397837638855,11
2026-06-20 14:31:22,2026-06-20 00:00:00,Diyarbakır  (10. Y.G.),225707,20260620_Diyarbakır  (10. Y.G.)_225707,98851,SON AKSİYON,29.25,H.YÖNDEN,0.014298153177442107,14,0.01686574205948884,12,0.3447718620300293,12,0.27435925602912903,12
2026-06-20 14:31:22,2026-06-20 00:00:00,Diyarbakır  (10. Y.G.),225707,20260620_Diyarbakır  (10. Y.G.)_225707,101498,YALNIZ BABA,8.4,L.TAPTIK,0.04899851713712521,7,0.035344296621337576,8,0.6371522545814514,5,0.5408619046211243,6
2026-06-20 14:31:22,2026-06-20 00:00:00,Diyarbakır  (10. Y.G.),225707,20260620_Diyarbakır  (10. Y.G.)_225707,100535,ŞEKLİ,15.1,H.SARIDAL,0.050549462173470595,6,0.06856307468828271,5,0.6265459060668945,6,0.5523050427436829,5
2026-06-20 14:31:22,2026-06-20 00:00:00,Diyarbakır  (10. Y.G.),225707,20260620_Diyarbakır  (10. Y.G.)_225707,99466,MENABINOĞLU,11.4,M.IŞIK,0.016951443719865688,12,0.0158279692431385,13,0.3266948163509369,13,0.23989848792552948,14
2026-06-20 14:31:22,2026-06-20 00:00:00,Diyarbakır  (10. Y.G.),225707,20260620_Diyarbakır  (10. Y.G.)_225707,97474,KARAŞİMŞEK,468.45,A.H.BAYAR,0.019232732504781195,11,0.1318007344911217,1,0.34951385855674744,11,0.6839045286178589,1
2026-06-20 14:31:22,2026-06-20 00:00:00,Diyarbakır  (10. Y.G.),225707,20260620_Diyarbakır  (10. Y.G.)_225707,98591,PRENSES DİLARA,10.85,A.AKDEMİR,0.06862691511914915,4,0.08438835074918072,3,0.6644664406776428,4,0.6521295309066772,2
2026-06-20 14:31:22,2026-06-20 00:00:00,Diyarbakır  (10. Y.G.),225707,20260620_Diyarbakır  (10. Y.G.)_225707,101627,AKGOLD DATÇA,34.7,M.P.DEMİR,0.01100605277494824,15,0.013625577945838819,15,0.13285280764102936,15,0.13438399136066437,15
2026-06-20 14:31:22,2026-06-20 00:00:00,Diyarbakır  (10. Y.G.),225707,20260620_Diyarbakır  (10. Y.G.)_225707,94635,TARGUTAY,7.7,M.ŞAKİR,0.09450907910407695,2,0.07146383207247663,4,0.7593904137611389,2,0.5843276977539062,4
2026-06-20 14:31:22,2026-06-20 00:00:00,Diyarbakır  (10. Y.G.),225707,20260620_Diyarbakır  (10. Y.G.)_225707,99072,BÜYÜK DAĞ,6.8,H.ALTUNDAĞ,0.021189986450300145,10,0.014040203473912714,14,0.5042505860328674,9,0.252612441778183,13
